{
  "ensemble_reg": {
    "mae": 12.092499194721361,
    "rmse": 15.135832235094105,
    "r2": -0.0018076069502770409,
    "mape": 12.715721885134053
  },
  "ensemble_clf": {
    "accuracy": 0.9043333333333333,
    "precision": 0.0,
    "recall": 0.0,
    "f1": 0.0,
    "roc_auc": 0.49820710965784815,
    "avg_precision": 0.10014465939201689,
    "log_loss": 0.31548658289859033
  },
  "xgb_reg": {
    "mae": 12.108791940697639,
    "rmse": 15.151875431995085,
    "r2": -0.00393246064748487,
    "mape": 12.749855929532755
  },
  "lgb_reg": {
    "mae": 12.07960722450004,
    "rmse": 15.126810472702221,
    "r2": -0.0006137014594824741,
    "mape": 12.675012085032044
  },
  "ridge_reg": {
    "mae": 12.102798485537628,
    "rmse": 15.148259698873321,
    "r2": -0.0034533755660848264,
    "mape": 12.64756461124141
  },
  "xgb_clf": {
    "accuracy": 0.8928333333333334,
    "precision": 0.1368421052631579,
    "recall": 0.02264808362369338,
    "f1": 0.03886397608370702,
    "roc_auc": 0.5052041660298653,
    "avg_precision": 0.10034866937156961,
    "log_loss": 0.38247464939926057
  },
  "lgb_clf": {
    "accuracy": 0.9043333333333333,
    "precision": 0.0,
    "recall": 0.0,
    "f1": 0.0,
    "roc_auc": 0.5168667828534954,
    "avg_precision": 0.09989176841360291,
    "log_loss": 0.31646473122404756
  },
  "lr_clf": {
    "accuracy": 0.38416666666666666,
    "precision": 0.09708236509166021,
    "recall": 0.6550522648083623,
    "f1": 0.16910276590960197,
    "roc_auc": 0.5051529543519331,
    "avg_precision": 0.09675409359999124,
    "log_loss": 0.723895350193872
  },
  "_meta": {
    "split": {
      "train": 28000,
      "val": 6000,
      "test": 6000
    },
    "n_features": 68,
    "base_learners_reg": [
      "XGBoost",
      "LightGBM",
      "Ridge"
    ],
    "base_learners_clf": [
      "XGBoost",
      "LightGBM",
      "LogisticRegression"
    ],
    "meta_reg": "Ridge",
    "meta_clf": "LogisticRegression",
    "violation_threshold_us": 120.0
  }
}