{
  "flows": [
    {
      "timestamp_ns": 557688,
      "src_device_id": 580,
      "dst_device_id": 731,
      "traffic_type": "Control",
      "packet_size_bytes": 985,
      "flow_priority": 7,
      "scheduled_slot": 125,
      "protocol": "TSN",
      "jitter_us": 3.172051407199612,
      "packet_loss": 0,
      "device_type": "Actuator",
      "vendor": "Bosch",
      "firmware_version": "v1.0",
      "cpu_usage": 89.61218887626134,
      "memory_usage": 62.23223552770804,
      "battery_level": 56.33469301893648,
      "mobility_state": "Mobile",
      "trust_score": 0.99,
      "operational_state": "Degraded",
      "attack_type": "DoS",
      "traffic_deviation": 1.15,
      "behavior_anomaly_score": 0.94,
      "severity_level": "Medium",
      "action_type": "Isolation",
      "execution_slot": 37,
      "enforcement_latency_us": 29.467183920498137,
      "affected_flows": 31,
      "controller_state": "Congested",
      "queue_occupancy": 37.0273829384933,
      "rerouted_flows": 21,
      "scheduling_adjustment": -2,
      "latency_restored": 1,
      "control_action_delay_us": 18.006829579594694,
      "latency_roll_mean_1s": 101.00293831743645,
      "latency_roll_std_1s": 15.635382889580033,
      "packet_rate_1s": 101.0,
      "latency_roll_mean_10s": 101.00293831743645,
      "latency_roll_std_10s": 15.635382889580033,
      "packet_rate_10s": 101.0,
      "latency_roll_mean_60s": 101.00293831743645,
      "latency_roll_std_60s": 15.635382889580033,
      "packet_rate_60s": 101.0,
      "latency_lag_1": 103.88464883469376,
      "latency_lag_2": 122.668840809398,
      "latency_lag_3": 107.62742237094076,
      "latency_lag_4": 73.56794906492973,
      "latency_lag_5": 94.73651617315504,
      "latency_lag_6": 131.65379341779524,
      "latency_lag_7": 113.06457158478176,
      "latency_lag_8": 104.2500477835418,
      "latency_lag_9": 89.56277486907668,
      "latency_lag_10": 74.06802321531265
    },
    {
      "timestamp_ns": 100269706,
      "src_device_id": 848,
      "dst_device_id": 484,
      "traffic_type": "Sensor",
      "packet_size_bytes": 1263,
      "flow_priority": 3,
      "scheduled_slot": 70,
      "protocol": "DetNet",
      "jitter_us": 4.726208461983956,
      "packet_loss": 0,
      "device_type": "Actuator",
      "vendor": "Rockwell",
      "firmware_version": "v1.0",
      "cpu_usage": 80.09450485381515,
      "memory_usage": 15.026240331340748,
      "battery_level": 57.73195926004763,
      "mobility_state": "Mobile",
      "trust_score": 0.89,
      "operational_state": "Degraded",
      "attack_type": "DoS",
      "traffic_deviation": 1.37,
      "behavior_anomaly_score": 0.89,
      "severity_level": "Medium",
      "action_type": "Traffic Redirection",
      "execution_slot": 30,
      "enforcement_latency_us": 31.656129718027728,
      "affected_flows": 15,
      "controller_state": "Congested",
      "queue_occupancy": 33.86279255002819,
      "rerouted_flows": 28,
      "scheduling_adjustment": -1,
      "latency_restored": 1,
      "control_action_delay_us": 16.661349576845303,
      "latency_roll_mean_1s": 99.89129981485715,
      "latency_roll_std_1s": 14.843153612047185,
      "packet_rate_1s": 20001.0,
      "latency_roll_mean_10s": 99.89129981485715,
      "latency_roll_std_10s": 14.843153612047185,
      "packet_rate_10s": 20001.0,
      "latency_roll_mean_60s": 99.89129981485715,
      "latency_roll_std_60s": 14.843153612047185,
      "packet_rate_60s": 20001.0,
      "latency_lag_1": 119.27391103943644,
      "latency_lag_2": 72.50961625123739,
      "latency_lag_3": 133.9422196974921,
      "latency_lag_4": 128.4773543069178,
      "latency_lag_5": 90.66832266415496,
      "latency_lag_6": 100.06840528964526,
      "latency_lag_7": 107.27550956773376,
      "latency_lag_8": 117.50009334149216,
      "latency_lag_9": 95.31678025414608,
      "latency_lag_10": 106.80900588230976
    },
    {
      "timestamp_ns": 197407270,
      "src_device_id": 823,
      "dst_device_id": 184,
      "traffic_type": "Control",
      "packet_size_bytes": 905,
      "flow_priority": 3,
      "scheduled_slot": 103,
      "protocol": "TSN",
      "jitter_us": 5.561505065996264,
      "packet_loss": 0,
      "device_type": "Actuator",
      "vendor": "Rockwell",
      "firmware_version": "v1.0",
      "cpu_usage": 46.08963205771746,
      "memory_usage": 36.61934956577575,
      "battery_level": 22.01592758568557,
      "mobility_state": "Mobile",
      "trust_score": 0.74,
      "operational_state": "Normal",
      "attack_type": "DoS",
      "traffic_deviation": 1.74,
      "behavior_anomaly_score": 0.63,
      "severity_level": "High",
      "action_type": "Isolation",
      "execution_slot": 66,
      "enforcement_latency_us": 25.534669283777102,
      "affected_flows": 15,
      "controller_state": "Congested",
      "queue_occupancy": 81.1848711711131,
      "rerouted_flows": 18,
      "scheduling_adjustment": 0,
      "latency_restored": 0,
      "control_action_delay_us": 18.77385829862132,
      "latency_roll_mean_1s": 99.97399307717254,
      "latency_roll_std_1s": 14.960384209800534,
      "packet_rate_1s": 39501.0,
      "latency_roll_mean_10s": 99.97399307717254,
      "latency_roll_std_10s": 14.960384209800534,
      "packet_rate_10s": 39501.0,
      "latency_roll_mean_60s": 99.97399307717254,
      "latency_roll_std_60s": 14.960384209800534,
      "packet_rate_60s": 39501.0,
      "latency_lag_1": 133.74908042451364,
      "latency_lag_2": 110.92160633477366,
      "latency_lag_3": 70.03010257627473,
      "latency_lag_4": 96.80042088773656,
      "latency_lag_5": 77.56603034911323,
      "latency_lag_6": 96.74215687604884,
      "latency_lag_7": 116.488620999394,
      "latency_lag_8": 72.7366811909876,
      "latency_lag_9": 98.56405990245116,
      "latency_lag_10": 99.81504778904711
    }
  ]
}